연번,관할,기관명칭,소재지(도로명주소),세부위치,전화번호
1,중구,중구보건소,"인천광역시 중구 참외전로72번길 21(전동, 중구보건소)",보건소 내 1층,032-760-6010
2,중구,국제도시보건과,인천광역시 중구 운남서로 100-1,국제도시보건과 내,032-760-6010
3,중구,용유보건지소,인천광역시 중구 마시란로 308-13,보건지소 내,032-760-6010
4,중구,무의보건진료소,인천광역시 중구 대무의로 310-11(무의동 246-7),보건진료소 내,032-760-6010
5,중구,중구1청사 민원지적과,인천광역시 중구 신포로27번길 80,민원지적과 내,032-760-6010
6,중구,신흥동 행정복지센터,인천광역시 중구 제물량로80번길 3-14,센터 내,032-760-6010
7,중구,도원동 행정복지센터,인천광역시 중구 도원로 42,센터 내,032-760-6010
8,중구,율목동 행정복지센터,인천광역시 중구 서해대로483번길 3,센터 내,032-760-6010
9,중구,동인천동 행정복지센터,인천광역시 중구 참외전로72번길 25,센터 내,032-760-6010
10,중구,북성동 행정복지센터,인천광역시 중구 차이나타운로44번길 13-2,센터 내,032-760-6010
11,중구,송월동 행정복지센터,인천광역시 중구 참외전로37번길 5,센터 내,032-760-6010
12,중구,운서동 행정복지센터,인천광역시 중구 흰바위로27번길 10,센터 내,032-760-6010
13,중구,연안동 행정복지센터,인천광역시 중구 축항대로86번길 44,센터 내,032-760-6010
14,동구,동구보건소,인천광역시 동구 석수로 90,보건소 민원실,032-770-5700
15,미추홀구,미추홀구보건소,인천광역시 미추홀구 주안서로 25,보건소 1층 민원실 앞,032-880-5324
16,연수구,연수구 보건소,인천광역시 연수구 함박뫼로 13,보건소 정문 앞,032-749-8043
17,연수구,연수구청,인천광역시 연수구 원인재로 115,1층 ,032-749-7114
18,연수구,옥련1동 행정복지센터,인천광역시 연수구 비류대로186번길 14,센터 내,032-749-6000
19,연수구,옥련2동 행정복지센터,인천광역시 연수구 옥련로 82,센터 내,032-749-6060
20,연수구,선학동 행정복지센터,인천광역시 연수구 선학로 54,센터 내,032-749-6100
21,연수구,연수1동 행정복지센터,인천광역시 연수구 함박뫼로 127,센터 내,032-749-6150
22,연수구,연수2동 행정복지센터,인천광역시 연수구 원인재로 158,센터 내,032-749-6200
23,연수구,연수3동 행정복지센터,인천광역시 연수구 원인재로 283,센터 내,032-749-6250
24,연수구,청학동 행정복지센터,인천광역시 연수구 비류대로294번길 26,센터 내,032-749-6300
25,연수구,동춘1동 행정복지센터,인천광역시 연수구 먼우금로 117,센터 내,032-749-6350
26,연수구,동춘2동 행정복지센터,인천광역시 연수구 먼우금로 41,센터 내,032-749-6400
27,연수구,동춘3동 행정복지센터,인천광역시 연수구 원인재로 110,센터 내,032-749-6450
28,연수구,송도1동 행정복지센터,인천광역시 연수구 하모니로35번길 8,센터 내,032-749-6500
29,연수구,송도2동 행정복지센터,인천광역시 연수구 신송로 248,센터 내,032-749-6550
30,연수구,송도3동 행정복지센터,인천광역시 연수구 송도교육로 61,센터 내,032-749-6780
31,연수구,송도4동 행정복지센터,인천광역시 연수구 컨벤시아대로230번길 42,센터 내,032-749-6850
32,연수구,송도5동 행정복지센터,인천광역시 연수구 인천타워대로 501,센터 내,032-749-6980
33,연수구,송도 건강생활지원센터,인천광역시 연수구 인천타워대로54번길 19,1층 우편함옆,032-749-6915
34,연수구,열린약국,"인천광역시 연수구 먼우금로 194, 1층 117호 (연수동)",약국 내,032-812-8611
35,연수구,송도캠퍼스약국,인천광역시 연수구 송도과학로27번길 55 롯데캐슬캠퍼스타운상가 A동 3층,약국 내,032-819-4450
36,연수구,송도우리약국,인천광역시 연수구 송도문화로84번길 24,약국 내,032-813-0507
37,연수구,동아온누리약국,"인천광역시 연수구 앵고개로264번길 10-1 (동춘동, 아촌빌딩)",약국 내,032-812-7582
38,연수구,센트럴파크약국,인천광역시 연수구 컨벤시아대로130번길 14,약국 내,032-831-7507
39,연수구,하늘약국,인천광역시 연수구 컨벤시아대로 177,약국 내,070-4159-8817
40,연수구,송도신세계약국,인천광역시 연수구 해돋이로 107 송도더샵퍼스트월드 H동 1층 8호,약국 내,032-835-7045
41,연수구,원약국,인천광역시 연수구 먼우금로 189 (청학동),약국 내,032-218-1007
42,연수구,백화점온누리약국,인천광역시 연수구 비류대로 208 (옥련동),약국 내,032-831-4787
43,연수구,천세약국,"인천광역시 연수구 청능대로 87, 지하1층 (청학동, 롯데마트 연수점 내)",약국 내,032-811-0107
44,연수구,송도프라자약국,인천광역시 연수구 한나루로 194-3,약국 내,032-831-8318
45,연수구,효성약국,"인천광역시 연수구 원인재로 88, 101호 (동춘동, 대우삼환아파트상가)",약국 내,032-814-7997
46,연수구,정명약국,인천광역시 연수구 청학로15번길 4 (청학동),약국 내,032-833-4557
47,연수구,송도건강온누리약국,인천광역시 연수구 컨벤시아대로 69 송도 밀레니엄빌딩 4층,약국 내,032-858-7792
48,연수구,행복한우리약국,"인천광역시 연수구 앵고개로 256, 101호 (동춘동, 웅지프라자)",약국 내,032-818-0301
49,연수구,무지개약국,인천광역시 연수구 새말로 31 (연수동),약국 내,032-818-5225
50,연수구,종로약국,"인천광역시 연수구 앵고개로 250, 1층 (동춘동)",약국 내,032-822-3746
51,연수구,온누리현대약국,인천광역시 연수구 독배로40번길 29 (옥련동),약국 내,032-831-4822
52,연수구,누리약국,"인천광역시 연수구 원인재로 14, 101호 (동춘동, 무지개상가)",약국 내,032-818-0591
53,연수구,최현수약국,인천광역시 연수구 비류대로 429 (연수동),약국 내,032-814-1333
54,연수구,둥지온누리약국,인천광역시 연수구 함박뫼로 26 (청학동),약국 내,032-818-5549
55,연수구,화랑약국,"인천광역시 연수구 원인재로 312, 104호 (연수동, 경남아파트상가)",약국 내,032-813-0282
56,연수구,효성메디칼약국,"인천광역시 연수구 청능대로 93, 102호 (청학동, 두손빌딩)",약국 내,032-811-7997
57,연수구,동인천약국,"인천광역시 연수구 선학로 101, 104호 (선학동, 뉴서울상가)",약국 내,032-814-4101
58,남동구,남동구보건소,인천광역시 남동구 소래로 633,보건소 1층 현관 ,032-464-4001
59,남동구,구월1동행정복지센터,인천광역시 남동구 선수촌공원로 104,1층 민원실내,032-453-5220
60,남동구,구월2동행정복지센터,인천광역시 남동구 구월로 208,1층 민원실내,032-453-5240
61,남동구,구월3동행정복지센터,인천광역시 남동구 문화서로 84,2층 민원실내,032-453-5260
62,남동구,구월4동행정복지센터,인천광역시 남동구 구월말로 7,1층 청사입구,032-453-5280
63,남동구,간석1동행정복지센터,인천광역시 남동구 구월로137번길 39,1층 민원실내,032-453-5300
64,남동구,간석2동행정복지센터,인천광역시 남동구 남동대로916번길 47,2층 민원실내,032-453-5320
65,남동구,간석3동행정복지센터,인천광역시 남동구 용천로 186,2층 민원실내,032-453-5340
66,남동구,간석4동행정복지센터,인천광역시 남동구 석정로 575,3층 민원실내,032-453-5360
67,남동구,만수1동행정복지센터,인천광역시 남동구 인주대로 851,1층 민원실내,032-453-5380
68,남동구,만수2동행정복지센터,인천광역시 남동구 만수서로 46,1층 민원실내,032-453-5400
69,남동구,만수3동행정복지센터,인천광역시 남동구 서판로 11,1층 민원실내,032-453-5420
70,남동구,만수4동행정복지센터,인천광역시 남동구 만수로50번길 39,1층 민원실내,032-453-5440
71,남동구,만수5동행정복지센터,인천광역시 남동구 구월로 303,5층 민원실내,032-453-5460
72,남동구,만수6동행정복지센터,인천광역시 남동구 장승남로 47,1층 민원실내,032-453-5480
73,남동구,장수서창동행정복지센터,인천광역시 남동구 독곡로 28,1층 민원실내,032-453-5500
74,남동구,서창2동행정복지센터,인천광역시 남동구 서창남순환로 43,1층 민원실내,032-453-5170
75,남동구,남촌도림동행정복지센터,인천 남동구 남촌동로25번길 43,3층 민원실내,032-453-5520
76,남동구,논현1동행정복지센터,인천광역시 남동구 소래역로 115,1층 민원실내,032-453-5560
77,남동구,논현2동행정복지센터,인천광역시 남동구 논현고잔로 248,1층 민원실내,032-453-5540
78,남동구,논현고잔동행정복지센터,인천광역시 남동구 앵고개로847번길 32,1층 민원실내,032-453-5580
79,부평구,부평구보건소,인천광역시 부평구 부흥로 291(부평동),2층 보건행정과 사무실 내,032-509-8200
80,부평구,청천보건지소,인천광역시 부평구 마장로410번길 5(청천동),청천보건지소 1층 진료민원실 내,032-509-8950
81,부평구,부평구청,인천광역시 부평구 부평대로 168(부평동),구청 1층 하나로민원과 입구,032-504-2114
82,부평구,부평1동 행정복지센터,인천광역시 부평구 부평문화로 37번길 1(부평동),행정복지센터 1층 민원실 내,032-509-8300
83,부평구,부평2동 행정복지센터,인천광역시 부평구  부영로 23 (부평동),행정복지센터 1층 입구,032-509-8310
84,부평구,부평3동 행정복지센터,"인천광역시 부평구 마장로 82, 2층(십정동)",행정복지센터 2층 민원실 내,032-509-8320
85,부평구,부평4동 행정복지센터,"인천광역시 부평구 장제로 145, 2층(부평동)",행정복지센터 2층 엘리베이터 앞 ,032-509-8330
86,부평구,부평5동 행정복지센터,인천광역시 부평구 부평문화로106번길 17(부평동),행정복지센터 1층 민원실 내,032-509-8340
87,부평구,부평6동 행정복지센터,인천광역시 부평구 동수로 70(부평동),행정복지센터 1층 민원실 내,032-509-8350
88,부평구,산곡1동 행정복지센터,인천광역시 부평구 마장로319번길 52(산곡동),행정복지센터 1층 민원실 내,032-509-8360
89,부평구,산곡2동 행정복지센터,인천광역시 부평구 안남로 255(산곡동,행정복지센터 1층 입구,032-509-8370
90,부평구,산곡3동 행정복지센터,인천광역시 부평구 경원대로 1269-2(산곡동),행정복지센터 1층 민원실 내,032-509-8380
91,부평구,산곡4동 행정복지센터,인천광역시 부평구 부흥로173번길 68(산곡동),행정복지센터 1층 민원실 내,032-509-8390
92,부평구,청천1동 행정복지센터,인천광역시 부평구 산청로127번길 3(청천동),행정복지센터 1층 민원실 내,032-509-8400
93,부평구,청천2동 행정복지센터,인천광역시 부평구 마장로 410번길 5(청천동),행정복지센터 1층 입구,032-509-8410
94,부평구,갈산1동 행정복지센터,인천광역시 부평구 주부토로 254(갈산동),행정복지센터 1층 민원실 내,032-509-8420
95,부평구,삼산1동 행정복지센터,인천광역시 부평구 후정동로 9(삼산동),행정복지센터 1층 입구,032-509-8440
96,부평구,삼산2동 행정복지센터,인천광역시 부평구  굴포로 137(삼산동),행정복지센터 1층 입구,032-509-8450
97,부평구,부개1동 행정복지센터,인천광역시 부평구 동수로162번길 11 (부개동),행정복지센터 1층 민원실 내,032-509-8460
98,부평구,부개2동 행정복지센터,인천광역시 부평구 동수천로 104(부개동),행정복지센터 1층 입구,032-509-8470
99,부평구,부개3동 행정복지센터,인천광역시 부평구 길주남로 117(부개동),행정복지센터 1층 민원실 내,032-509-8480
100,부평구,일신동 행정복지센터,인천광역시 부평구 경인로 1148번길 6(일신동),행정복지센터 1층 입구,032-509-8490
101,부평구,십정1동 행정복지센터,"인천광역시 부평구 열우물로 103, 2층(십정동)",행정복지센터 2층 민원실 내,032-509-8604
102,부평구,십정2동 행정복지센터,인천광역시 부평구 동암산로33번길 6-7(십정동),행정복지센터 1층 민원실 내,032-509-8610
103,계양구,계양구보건소,인천광역시 계양구 계산새로 88,보건소 1층 민원실,032-430-7809
104,계양구,계양구보건소,인천광역시 계양구 계산새로 88,보건소 2층 감염병관리과,032-430-7816
105,계양구,온누리건강백화점약국,계양구 계양문화로 96,약국 내,032-545-1535
106,계양구,굿모닝약국,계양구 장제로 912,약국 내,032-556-6688
107,계양구,동양약국,계양구 동양로 103,약국 내,032-553-7999
108,계양구,고려원약국,계양구 경명대로 1074,약국 내,032-541-0248
109,계양구,태평양약국,계양구 계양대로 149,약국 내,032-547-3882
110,계양구,작전메디칼약국,계양구 게양대로 85,약국 내,032-551-4500
111,계양구,우리팜약국,계양구 게양대로 53,약국 내,032-551-7535
112,계양구,명문약국,계양구 아나지로 191,약국 내,032-546-5254
113,계양구,유원약국,계양구 장제로 718,약국 내,032-551-5650
114,계양구,열린대학약국,계양구 장제로 728,약국 내,032-541-1662
115,계양구,판도라계양메디칼약국,계양구 오조산로7번길 6-14,약국 내,032-542-3858
116,계양구,계산프라자약국,계양구 용종로 2,약국 내,032-554-6232
117,계양구,계양1동주민센터,계양구 장기서로8,센터 내,032-450-4860
118,계양구,계양2동행정복지센터,계양구 장제로 916 3층,센터 내,032-450-4880
119,계양구,계양3동 행정복지센터,계양구 양지로 31,센터 내,032-430-7910
120,계양구,계산1동행정복지센터,계양구 향교로 24,센터 내,032-450-4740
121,계양구,계산2동행정복지센터,계양구 주부토로 559,센터 내,032-450-4760
122,계양구,계산3동행정복지센터,계양구 계산새로7,센터 내,032-450-4780
123,계양구,계산4동행정복지센터,계양구 용종로 12-8,센터 내,032-450-4960
124,계양구,효성1동주민센터,계양구 봉오대로569번길 22,센터 내,032-450-4700
125,계양구,효성2동주민센터,계양구 아나지로 162,센터 내,032-450-4720
126,계양구,작전1동행정복지센터,계양구 봉오대로 727,센터 내,032-450-4800
127,계양구,작전2동행정복지센터,계양구 봉오대로 677번길 23,센터 내,032-450-4820
128,계양구,작전서운동 행정복지센터,계양구 효서로 361,센터 내,032-450-4840
129,서구,생동온누리약국,"인천광역시 서구 완정로 153, 이레메디칼센타 1층 101호 (왕길동)",약국 내,032-568-1589
130,서구,가좌한마음약국,"인천광역시 서구 원적로 85, 우신프라자 2층 210호 (가좌동)",약국 내,032-571-7582
131,서구,검단온누리약국,"인천광역시 서구 완정로 18, 한윤메디칼 104호 (마전동)",약국 내,032-564-8894
132,서구,가온약국,"인천광역시 서구 봉오재3로 90, 한일골드타워 (가정동)",약국 내,032-567-0879
133,서구,딸기약국,인천광역시 서구 장고개로337번길 16 (가좌동),약국 내,032-573-5670
134,서구,편안한약국,인천광역시 서구 원적로27번길 11 (가좌동),약국 내,032-583-1133
135,서구,성누가약국,"인천광역시 서구 탁옥로 55, SM스카이빌 (심곡동)",약국 내,032-565-5250
136,서구,옵티마정다운약국,인천광역시 서구 가정로 204 (석남동),약국 내,032-579-4456
137,서구,행복한약국,"인천광역시 서구 승학로 497, 검암프라자 109호 (검암동)",약국 내,070-7792-5502
138,서구,이삭약국,"인천광역시 서구 율도로 62-1, 1층 (석남동)",약국 내,032-267-7582
139,서구,하늘약국,"인천광역시 서구 가정로 372, 1층 일부호 (가정동)",약국 내,032-576-2020
140,서구,보성메디컬약국,"인천광역시 서구 완정로 179, 102호,103호 (왕길동, 제이원검단메디컬프라자)",약국 내,032-567-0167
141,서구,삼육오사랑약국,"인천광역시 서구 칠천왕로33번길 14, 1층 일부호 (석남동)",약국 내,032-575-6849
142,서구,열린솔약국,"인천광역시 서구 검단로768번길 2, 105호 (불로동, 불로메디컬)",약국 내,032-565-3135
143,서구,건지약국,"인천광역시 서구 신진말로 30, 1층 (가좌동, 쌍용체육관)",약국 내,032-571-7572
144,서구,메디팜우리들약국,"인천광역시 서구 완정로 187, 101호 (왕길동, 마전메디칼센타)",약국 내,032-561-0978
145,서구,성모사랑약국,인천광역시 서구 심곡로100번길 15 (심곡동),약국 내,032-565-2933
146,서구,명문약국,"인천광역시 서구 봉오재3로 44, 101호 (가정동, 명문프라자)",약국 내,032-721-7220
147,서구,조은나라약국,"인천광역시 서구 검단로 842, 206호 (불로동, 월드불로마트)",약국 내,032-565-4090
148,서구,경서메디칼약국,"인천광역시 서구 도요지로 22, 103호 (경서동, 대영프라자)",약국 내,032-562-4001
149,서구,드림약국,"인천광역시 서구 승학로 498, 108호 (검암동, 서해프라자)",약국 내,070-7619-2828
150,서구,새봄약국,"인천광역시 서구 탁옥로 49, 404호 (심곡동, 제스트프라자)",약국 내,032-562-6610
151,서구,메디안약국,"인천광역시 서구 검단로623번길 4, 105호 (마전동, 세창프라자)",약국 내,032-567-2463
152,서구,사랑탑약국,"인천광역시 서구 청마로19번길 3, 1층 (당하동, 드림빌딩)",약국 내,032-569-7117
153,서구,열린온누리약국,"인천광역시 서구 단봉로 97-7, 108호 (오류동)",약국 내,070-8828-9179
154,서구,가정미소약국,"인천광역시 서구 봉오재3로 42, 102호 (가정동)",약국 내,032-567-3012
155,서구,푸른솔약국,"인천광역시 서구 고산후로95번길 32, 102호 (당하동, 명진프라자)",약국 내,032-563-0236
156,서구,해봄약국,"인천광역시 서구 장고개로337번길 7, A동 103호 (가좌동)",약국 내,032-571-3857
157,서구,가정온누리약국,"인천광역시 서구 청중로 486, 105호 (가정동, 부일프라자)",약국 내,032-566-7809
158,서구,정온누리약국,"인천광역시 서구 가정로 142-1, 1층 (가좌동, 호진 빌딩)",약국 내,032-577-7606
159,서구,성민대학약국,"인천광역시 서구 길주로75번길 35, 1층 (석남동)",약국 내,032-571-2812
160,서구,플러스약국,"인천광역시 서구 칠천왕로33번길 18, 1층 (석남동)",약국 내,032-575-9917
161,서구,한마음한약국,"인천광역시 서구 심곡로 79, 3층 (심곡동, 우정상가)",약국 내,032-501-1145
162,서구,우리약국,"인천광역시 서구 서달로 159, 102호 (석남동)",약국 내,032-579-8150
163,서구,연희연세약국,"인천광역시 서구 서곶로369번길 24, 1층 (연희동)",약국 내,032-566-9380
164,서구,검단미래안약국,"인천광역시 서구 검단로 469, 101호 (왕길동)",약국 내,032-566-9037
165,서구,착한약국,"인천광역시 서구 완정로 180, 1층 (마전동, 동화빌딩)",약국 내,032-563-7803
166,서구,토마토약국,"인천광역시 서구 심곡로100번길 17-3, 1~3층 (심곡동)",약국 내,032-567-5860
167,서구,미소탑약국,"인천광역시 서구 청마로 17, 1층 (당하동, 준성빌딩)",약국 내,032-566-0182
168,서구,연세온누리약국,"인천광역시 서구 승학로 321, 1층 (연희동)",약국 내,032-561-2212
169,서구,산들약국,"인천광역시 서구 검단로 474, 102호 (왕길동, 뷰비스타운)",약국 내,032-564-9133
170,서구,백제당약국,"인천광역시 서구 연희로 12, 1층 (연희동)",약국 내,032-562-3049
171,서구,함께약국,"인천광역시 서구 서곶로 823, 1층 (당하동)",약국 내,032-567-3828
172,서구,복지온누리약국,"인천광역시 서구 탁옥로 37, 1층 107호 (심곡동, 우리타워)",약국 내,032-568-5538
173,서구,녹십자약국,"인천광역시 서구 서곶로 293, 1층 (심곡동)",약국 내,032-566-8600
174,서구,원당연세약국,"인천광역시 서구 원당대로 866, 201호 (당하동, 세브란스빌딩)",약국 내,032-569-2773
175,서구,제일약국,"인천광역시 서구 심곡로 133, 대동상가동 1층 111호 (심곡동)",약국 내,032-564-8421
176,서구,크린팜대학약국,"인천광역시 서구 심곡로100번길 17-5, 1층 (심곡동)",약국 내,032-567-8874
177,서구,에버그린약국,"인천광역시 서구 건지로 371, 1층 1호 (가좌동)",약국 내,032-582-7799
178,서구,동안약국,"인천광역시 서구 승학로 567, 101호 (검암동)",약국 내,070-7768-6776
179,서구,참조은약국,"인천광역시 서구 마전로5번길 22-1, 101호 (마전동)",약국 내,032-438-8866
180,서구,검단제일약국,"인천광역시 서구 완정로 197, 103,104호 (왕길동)",약국 내,032-564-1588
181,서구,올리브약국,"인천광역시 서구 원당대로 663, 103호 (마전동, 한종프라자)",약국 내,032-566-5505
182,서구,비타민약국,"인천광역시 서구 가정로 375, 310호,311호 (신현동, 금강아미움)",약국 내,032-575-8899
183,서구,굿모닝약국,인천광역시 서구 가정로 364-1 (가정동),약국 내,032-579-7571
184,서구,경희기경한약국,"인천광역시 서구 고산후로95번길 10, 뉴시티프라자 109호 (당하동)",약국 내,032-561-1887
185,서구,석남우리약국,인천광역시 서구 가정로 291 (석남동),약국 내,032-575-6006
186,서구,열린약국,"인천광역시 서구 가정로 364, 1층 (가정동)",약국 내,032-579-4242
187,서구,행복한약국,인천광역시 서구 가정로 213 (석남동),약국 내,070-7792-5502
188,서구,미약국,"인천광역시 서구 고산후로95번길 20, 108호, 109호 (당하동, 힘찬프라자)",약국 내,032-568-8998
189,서구,한샘약국,"인천광역시 서구 원적로 29, 나동 4호 (가좌동, 한샘상가)",약국 내,032-583-1536
190,서구,성민메디칼약국,인천광역시 서구 신석로 68 (석남동),약국 내,032-577-6245
191,서구,일화약국,"인천광역시 서구 장고개로337번길 16, 408호 (가좌동)",약국 내,032-576-9321
192,서구,검단튼튼약국,"인천광역시 서구 청마로19번길 20, 103호 (당하동)",약국 내,032-569-7535
193,서구,프라자약국,"인천광역시 서구 원당대로 660, 1층 101-1호 (당하동)",약국 내,032-565-8106
194,서구,한솔약국,"인천광역시 서구 가정로 382 (가정동, 새인천상가)",약국 내,032-572-7633
195,서구,누리약국,"인천광역시 서구 검단로445번길 18, 107-1호 (왕길동, SM프라자)",약국 내,032-567-0344
196,서구,사랑온누리약국,"인천광역시 서구 검단로 500 (마전동, 플러스빌딩)",약국 내,032-568-5706
197,서구,거북시장약국,인천광역시 서구 거북로 97 (석남동),약국 내,032-575-6881
198,서구,정다운온누리약국,"인천광역시 서구 가정로 398, 105호 (가정동, 서해프라자)",약국 내,032-584-9348
199,서구,하나약국,"인천광역시 서구 단봉로 107, 104호 (왕길동, 성우프라자)",약국 내,032-563-1558
200,서구,한성메디칼약국,"인천광역시 서구 완정로 36, 1층 (마전동, 한성빌딩)",약국 내,032-567-5345
201,서구,단오약국,"인천광역시 서구 완정로178번길 31 (마전동, 목화아파트)",약국 내,032-563-3245
202,서구,늘건강온누리약국,"인천광역시 서구 승학로 491, 105호 (검암동)",약국 내,032-569-2306
203,서구,원광한약국,"인천광역시 서구 탁옥로98번길 1, 106호 (심곡동)",약국 내,032-564-7757
204,서구,정성약국,"인천광역시 서구 가정로 201-1, 1층 (석남동, 두일빌딩)",약국 내,032-579-0075
205,서구,조은약국,인천광역시 서구 거북로 98 (석남동),약국 내,032-576-7530
206,서구,원당우리약국,"인천광역시 서구 원당대로 859, 107호 (원당동, 원당메디칼프라자)",약국 내,032-568-1591
207,서구,성심약국,"인천광역시 서구 검단로768번1길 4, 1층 (불로동, 세인빌딩)",약국 내,032-564-5389
208,서구,메디탑약국,"인천광역시 서구 청마로19번길 9, 101호 (당하동)",약국 내,032-564-6924
209,서구,즐거운약국,"인천광역시 서구 원당대로 581 (마전동, 롯데마트)",약국 내,032-574-1651
210,서구,연희우리약국,인천광역시 서구 심곡로 24 (심곡동),약국 내,032-566-4258
211,서구,오렌지약국,"인천광역시 서구 가정로 375, 104호 (신현동, 금강아미움상가)",약국 내,032-563-2474
212,서구,가좌메디칼약국,인천광역시 서구 원적로96번길 26 (가좌동),약국 내,032-579-8653
213,서구,검단마트약국,인천광역시 서구 서곶로 754 (당하동),약국 내,032-564-7588
214,서구,그린약국,인천광역시 서구 탁옥로 45 (심곡동),약국 내,032-569-4037
215,서구,메디팜약수약국,인천광역시 서구 서달로123번길 3 (석남동),약국 내,032-574-6815
216,서구,마전메디칼약국,인천광역시 서구 완정로 187 (왕길동),약국 내,032-561-0396
217,서구,성모약국,"인천광역시 서구 원창로 174, 102,103호 (신현동)",약국 내,032-583-6083
218,서구,동아메디칼약국,인천광역시 서구 원적로 85 (가좌동),약국 내,032-579-5793
219,서구,백제약국,"인천광역시 서구 검단로 480 (왕길동, 검단리치웰프라자)",약국 내,032-569-7582
220,서구,온누리이화약국,인천광역시 서구 거북로 115 (석남동),약국 내,032-571-2569
221,서구,당하백화점약국,"인천광역시 서구 청마로167번길 8 (당하동, 강남프라자빌딩 106호)",약국 내,032-564-8218
222,서구,서울약국,"인천광역시 서구 검단로 836, 217호 (불로동, 월드상가)",약국 내,032-564-0030
223,서구,새연희약국,인천광역시 서구 서곶로 355-1 (연희동),약국 내,032-567-3186
224,서구,수약국,"인천광역시 서구 완정로 70, 211호 (마전동, 영남탑스빌아파트 상가)",약국 내,032-561-2920
225,서구,미소약국,"인천광역시 서구 원당대로 841 (원당동, 골든벨프라자)",약국 내,032-567-7772
226,서구,맑은약국,인천광역시 서구 명가골로 37 (석남동),약국 내,032-581-0580
227,서구,신현프라자약국,인천광역시 서구 율도로 55 (신현동),약국 내,032-575-1389
228,서구,당하메디칼약국,인천광역시 서구 청마로 163 (당하동),약국 내,032-566-0771
229,서구,가좌마트약국,"인천광역시 서구 가정로151번길 11, 2층 (가좌동)",약국 내,032-571-6555
230,서구,참사랑약국,"인천광역시 서구 검단로 836, 212,213호 (불로동, 월드아파트 중앙상가)",약국 내,032-563-8810
231,서구,푸른약국,인천광역시 서구 심곡로194번길 1 (공촌동),약국 내,032-563-6490
232,서구,연세약국,"인천광역시 서구 승학로 577, 111호 (검암동, 장은프라자)",약국 내,032-562-5620
233,서구,위드팜100세약국,"인천광역시 서구 완정로 35 (마전동, 대운프라자)",약국 내,032-565-1201
234,서구,정든약국,인천광역시 서구 가정로 124 (가좌동),약국 내,032-581-9916
235,서구,성심메디팜약국,인천광역시 서구 원적로 100 (가좌동),약국 내,032-575-5556
236,서구,성호약국,"인천광역시 서구 원적로 85, 310호 (가좌동, 우신프라자)",약국 내,032-572-5999
237,서구,한사랑약국,인천광역시 서구 서곶로 281 (심곡동),약국 내,032-568-5711
238,서구,굿윌드림약국,인천광역시 서구 원적로 103 (가좌동),약국 내,032-574-4793
239,서구,천사약국,인천광역시 서구 가정로 363 (신현동),약국 내,032-579-8735
240,서구,푸른건강약국,인천광역시 서구 가정로 370 (가정동),약국 내,032-571-9206
241,서구,서광약국,인천광역시 서구 원적로 100 (가좌동),약국 내,032-572-6635
242,서구,그린온누리약국,"인천광역시 서구 완정로 187, 103호 (왕길동, 마전메디칼센타)",약국 내,032-561-1775
243,서구,메디팜성모약국,인천광역시 서구 원적로 29 (가좌동),약국 내,032-576-2028
244,서구,한결약국,인천광역시 서구 고래울로 4 (가좌동),약국 내,032-584-0457
245,서구,중앙약국,인천광역시 서구 길주로75번길 36 (석남동),약국 내,032-582-5919
246,서구,대학약국,인천광역시 서구 새오개로 37 (석남동),약국 내,032-574-6237
247,서구,그랜드약국,인천광역시 서구 가정로 308 (석남동),약국 내,032-581-8449
248,서구,한국약국,인천광역시 서구 서달로163번길 9 (석남동),약국 내,032-581-9297
249,서구,보건약국,"인천광역시 서구 거북로 104 (석남동, 한승빌딩)",약국 내,032-582-2761
250,서구,옥신온누리약국,인천광역시 서구 고래울로 29 (가좌동),약국 내,032-577-8963
251,서구,사랑의약국,인천광역시 서구 원적로 96 (가좌동),약국 내,032-577-4241
252,서구,청우약국,인천광역시 서구 가정로 202 (석남동),약국 내,032-571-2455
253,서구,가좌약국,인천광역시 서구 건지로318번길 32 (가좌동),약국 내,032-571-3183
254,서구,명성약국,인천광역시 서구 신진말로 37-1 (가좌동),약국 내,032-577-6558
255,서구,자생약국,인천광역시 서구 거북로 74-1 (석남동),약국 내,032-571-6066
256,서구,늘봄약국,"인천광역시 서구 길주로136번길 32-1, 1층 (석남동)",약국 내,032-573-6012
257,서구,서구보건소,"인천광역시 서구 탁옥로 39, 1층",보건소 내,032-718-0424
258,강화군,감초약국,강화읍 강화대로 431,약국 내,032-934-6462
259,강화군,강화명약국,강화읍강화대로312번길 12,약국 내,032-932-2932
260,강화군,강화약국,강화읍중앙로 43,약국 내,032-934-5550
261,강화군,강화종로약국,강화읍강화대로 387,약국 내,032-932-0497
262,강화군,다나약국,강화읍동문안길 9-1,약국 내,032-932-8575
263,강화군,큰샘온누리약국,강화읍중앙로 9,약국 내,032-934-0700
264,강화군,세광약국,선원면중앙로 259,약국 내,032-934-2249
265,강화군,부흥약국,내가면 강화서로 223,약국 내,032-932-5918
266,강화군,신세계약국,강화읍중앙로 23,약국 내,032-934-5424
267,강화군,바다약국,내가면중앙로 1312,약국 내,032-933-0010
268,강화군,유신약국,길상면온수길36번길 2,약국 내,032-937-0020
269,강화군,이화약국,강화읍중앙로 27,약국 내,032-934-5534
270,강화군,재경약국,강화읍강화대로 412,약국 내,032-934-4741
271,강화군,전등약국,길상면온수길 23,약국 내,032-937-8219
272,강화군,메디팜조은약국,강화읍중앙로 45,약국 내,032-933-9422
273,강화군,진약국,강화읍동문안길 6,약국 내,032-933-2012
274,강화군,하하약국,강화읍강화대로 395(1층),약국 내,032-932-7090
275,강화군,화도약국,화도면마니산로 728,약국 내,032-937-0777
276,강화군,e-믿음약국,강화읍강화대로 402,약국 내,032-323-1686
277,강화군,남산약국,충강화읍렬사로 26,약국 내,032-934-5670
278,강화군,은화약국,강화대로 404번길 ,약국 내,032-934-7763
279,강화군,강화정문약국,강화읍충렬사로 25,약국 내,032-221-0014
280,강화군,강화군보건소,강화읍강화읍 충렬사로 26-1,민원실,032-930-4061
281,강화군,선원보건지소,선원면 연동로 324 ,대기실,032-930-3538
282,강화군,불은보건지소,불은면 강화동로 562-3,대기실,032-930-3539
283,강화군,길상보건지소,길상면 강화동로 15-1,대기실,032-930-3540
284,강화군,화도보건지소,화도면 마니산로 703-14,대기실,032-930-3541
285,강화군,양도보건지소,양도면 강화남로 708-1,대기실,032-930-3542
286,강화군,내가보건지소,내가면 강화서로 249,대기실,032-930-3543
287,강화군,하점보건지소,하점면 강화대로 1220,대기실,032-930-3544
288,강화군,양사보건지소, 양사면 전망대로 1295-7복사,대기실,032-930-3545
289,강화군,송해보건지소,송해면 전망대로 29,대기실,032-930-3546
290,강화군,교동보건지소,교동면 교동동로 485-13복사,대기실,032-930-3547
291,강화군,삼산보건지소,삼산면 삼산북로 439,대기실,032-930-3548
292,강화군,주문보건지소,서도면 주문도1길 16,대기실,032-930-3549
293,강화군,볼음보건지소,서도면 볼음도길 174 ,대기실,032-930-3550
294,강화군,연리보건진료소,선원면 연동로73번길 47,대기실,032-930-4012
295,강화군,오두리보건진료소 ,불은면 불은남로 293-1,대기실,032-937-6813
296,강화군,건평보건진료소,양도면 건평로155번길 41,대기실,032-930-4068
297,강화군,흥왕보건진료소,화도면 해안남로 1950,대기실,032-937-4554
298,강화군,황청보건진료소,내가면 황청리 179-49,대기실,032-932-2819
299,강화군,신삼보건진료소,하점면 고려산로 506-2복사,대기실,032-933-1193
300,강화군,인화보건진료소,양사면 서사길105번길 47 ,대기실,032-934-5583
301,강화군,매음보건진료소,삼산면 삼산남로 498-8 ,대기실,032-932-3564
302,강화군,하리보건진료소,삼산면 삼산북로 790,대기실,032-932-3653
303,강화군,서검보건진료소,삼산면 서검길153번길 8,대기실,032-932-3928
304,강화군,상용보건진료소,교동면 교동동로 208-3 ,대기실,032-932-4381
305,강화군,난정보건진료소,교동면 교동서로378번길 56-28,대기실,032-934-7807
306,강화군,삼선보건진료소,교동면 교동북로 220,대기실,032-932-4806
307,옹진군,옹진군보건소,인천시 미추홀구 매소홀로 120,보건소 민원실 ,032-721-0543
